meterfeet,3.28084
inchfeet,0.0833333
centimeterkilometer,0.00001
centimeterinch,3937007874
centimeterfeet,0.0328084
metermiles, 0.000621371
meterfeet,3.28084
meterinch,39.3701
kilometerinch,39370.1
kilometerfeet,3280.84
kilometermiles, 0.621371
inchmiles, 0.0000157828
inchfeet,0.0833333
inchkilometer,0.0000254
inchmeter,0.0254
inchcentimeter,2.54
feetcentimeter,30.48
feetmeter,0.3048
feetkilometer,0.0003048
feetinch,12
feetmiles,0.000189394
milesfeet,5280
milesinch,63360
milesmeter,1609.34
mileskilometer,1.60934
milescentimeter, 160934
centimetermiles, 6.21370999997515
millimetermiles, 0.62137099999751510548
milesmillimeter, 1609344
centimetermeter, 0.01
metercentimeter, 100.0
kilometermeter, 0.001
meterkilometer, 1000.0
centimetermillimeter,0.1
millimetercentimeter, 10.0
millimetermeter, 1000.0
metermillimeter, 0.001
kilometermillimeter,1000000.0
millimeterkilometer, 0.000001
kilometercentimeter, 100000.0
milligrammgramm,0.001
milligrammkilogramm,0.000001
milligrammm ton,0.000000001
milligrammus ton,1.1023113109244
milligrammpound,0.0000022046
milligrammstone,1.574730444E-7
grammstone,0.000157473
grammpound,0.0022046226
grammus ton,0.0000011023
grammm ton,0.000001
grammkilogramm,0.001
grammmilligramm,1000
kilogrammmilligramm,1000000
kilogrammgramm,1000
kilogrammm ton,0.001
kilogrammus ton,0.0011023113
kilogrammpound,2.2046226218
kilogrammstone,0.1574730444
m tonstone,157.47304442
m tonpound,2204.6226218
m tonus ton,1.1023113109
m tonkilogramm,1000
m tongramm,1000000
m tonmilligramm,1000000000
us tonmilligramm,907184740
us tongramm,907184.74
us tonkilogramm,907.18474
us tonm ton,0.90718474
us tonpound,2000
us tonstone,142.85714286
poundstone,0.0714285714
poundus ton,0.0005
poundm ton,0.0004535924
poundkilogramm,0.45359237
poundgramm,453.59237
poundmilligramm,453592.37
stonegramm,6350293.18
stonekilogramm,6.35029318
stonem ton,0.0063502932
stoneus ton,0.007
stonepound,14
nmol/Lng/dL,28.81844380403458
ng/dLnmol/L,0.0347
nmol/Lpg/mL,169.2047377326565
pg/mLnmol/L,0.00591
nmol/Lpmol/L,1000
pmol/Lnmol/L,0.001
ng/dLpmol/L,12.87
pmol/Lng/dL,0.07770007770007771
ng/dLpg/mL,10
pg/mLng/dL,0.1
pg/mLpmol/L,3.671
pmol/Lpg/mL,0.27240533914464726